StartDate,EndDate,Status,IPAddress,Progress,Duration (in seconds),Finished,RecordedDate,ResponseId,RecipientLastName,RecipientFirstName,RecipientEmail,ExternalReference,LocationLatitude,LocationLongitude,DistributionChannel,UserLanguage,Instruction,Q68,Q69,Q8,Q7,Q73,Q72,Q43_NPS_GROUP,Q43,Q62,Q9_NPS_GROUP,Q9,Q63,Q11_NPS_GROUP,Q11,Q64,Q10_NPS_GROUP,Q10,Q12_NPS_GROUP,Q12,Q56_NPS_GROUP,Q56,Q57_NPS_GROUP,Q57,Q58_NPS_GROUP,Q58,Q59_NPS_GROUP,Q59,Q60_NPS_GROUP,Q60,Q61_NPS_GROUP,Q61,Q40
Start Date,End Date,Response Type,IP Address,Progress,Duration (in seconds),Finished,Recorded Date,Response ID,Recipient Last Name,Recipient First Name,Recipient Email,External Data Reference,Location Latitude,Location Longitude,Distribution Channel,User Language,"Study Title: Understanding the Issue Selection Process to Contribute to Open Source Software.

 

Researchers: Marco A. Gerosa, PhD (Northern Arizona University), Igor Steinmacher, PhD (Northern Arizona University),  Igor Wiese, PhD (UTFPR), Fabio Santos, MSc (Northern Arizona University), Joseph Vargovich BSc (Northern Arizona University). 

 

 



 

Purpose: Thank you for participating in the survey. The purpose of this research study is to evaluate the process of onboarding newcomers to a project and to understand how to make onboarding easier for newcomers to a project. Parts of the study's results will be used to help a student researcher’s thesis or dissertation completion. This study is funded by the National Science Foundation.

 

Please fill out the short survey, which may take less than 5 minutes. We are recruiting eligible participants for a contribution experiment. We will offer a $25 gift card for the experiment participants. You will be asked if you want to be included in the 1 hour long contribution experiment upon completion of our survey. To be included in the contribution experiment, you need to provide your e-mail address (which will be used only for the call for the contribution experiment). 

 

Confidentiality: 


The security and confidentiality of information collected from you online cannot be guaranteed. Confidentiality will be kept to the extent permitted by the technology being used. Information collected online can be intercepted, corrupted, lost, destroyed, arrive late or incomplete, or contain viruses. 

 

Voluntary: Participation in this study is voluntary. You are free to decide not to participate or to withdraw at any time. You can skip questions you prefer not to answer. 

 

Study contacts: If you have any questions about this research project, please contact: ‘anita.sarma@oregonstate.edu'. If you have questions about your rights or welfare as a participant, please contact the Oregon State University Institutional Review Board (IRB) Office, at (541) 737-8008 or by email at IRB@oregonstate.edu. 



For questions, concerns, or complaints about the study, you may contact,  Fabio Santos  or Joseph Vargovich . 

 


 Please, confirm that you agree to take part in this survey.",Would you like to participate in the 1 hour open source contribution experiment? You will be compensated with a $25 gift card for your time. You will receive an email to schedule your appointment at a later date.,Please enter your email to participate in the experiment. Your information will NOT be shared with any third parties.,How many years of programming experience do you have?,How many contributions to Open Source have you made so far?,How many contributions have you made to the JabRef project on GitHub?,Please enter your GitHub username. We need to view the contributions you made to JabRef to verify whether you qualify for the study.,How do you rate your skill level in Object Oriented Programming (OOP)? - Group,How do you rate your skill level in Object Oriented Programming (OOP)?,Which feature of Object Oriented Programming derives a class from another class?,How do you rate your skill level in Java? - Group,How do you rate your skill level in Java?,_____ is used to develop Java programs.,How do you rate your expertise in using Java IDEs? - Group,How do you rate your expertise in using Java IDEs?,"Have you used any of the following Java IDEs: Eclipse, NetBeans, IntelliJ?",How do you rate your expertise in SQL databases? - Group,How do you rate your expertise in SQL databases?,How do you rate your expertise in User Interface development? - Group,How do you rate your expertise in User Interface development?,How do you rate your expertise in the Google Common library? - Group,How do you rate your expertise in the Google Common library?,How do you rate your expertise in Logging libraries and APIs? - Group,How do you rate your expertise in Logging libraries and APIs?,How do you rate your expertise in using libraries and APIs for file Input and Output? - Group,How do you rate your expertise in using libraries and APIs for file Input and Output?,How do you rate your expertise in using libraries that interface with Operating Systems? - Group,How do you rate your expertise in using libraries that interface with Operating Systems?,How do you rate your expertise in Software Testing and using Testing libraries and APIs? - Group,How do you rate your expertise in Software Testing and using Testing libraries and APIs?,How do you rate your expertise in Networked Application Development and Networking APIs? - Group,How do you rate your expertise in Networked Application Development and Networking APIs?,Do you want to share any other comments?
"{""ImportId"":""startDate"",""timeZone"":""America/Denver""}","{""ImportId"":""endDate"",""timeZone"":""America/Denver""}","{""ImportId"":""status""}","{""ImportId"":""ipAddress""}","{""ImportId"":""progress""}","{""ImportId"":""duration""}","{""ImportId"":""finished""}","{""ImportId"":""recordedDate"",""timeZone"":""America/Denver""}","{""ImportId"":""_recordId""}","{""ImportId"":""recipientLastName""}","{""ImportId"":""recipientFirstName""}","{""ImportId"":""recipientEmail""}","{""ImportId"":""externalDataReference""}","{""ImportId"":""locationLatitude""}","{""ImportId"":""locationLongitude""}","{""ImportId"":""distributionChannel""}","{""ImportId"":""userLanguage""}","{""ImportId"":""QID4""}","{""ImportId"":""QID68""}","{""ImportId"":""QID69_TEXT""}","{""ImportId"":""QID8""}","{""ImportId"":""QID7""}","{""ImportId"":""QID73""}","{""ImportId"":""QID72_TEXT""}","{""ImportId"":""QID43_NPS_GROUP""}","{""ImportId"":""QID43""}","{""ImportId"":""QID62""}","{""ImportId"":""QID9_NPS_GROUP""}","{""ImportId"":""QID9""}","{""ImportId"":""QID63""}","{""ImportId"":""QID11_NPS_GROUP""}","{""ImportId"":""QID11""}","{""ImportId"":""QID64""}","{""ImportId"":""QID10_NPS_GROUP""}","{""ImportId"":""QID10""}","{""ImportId"":""QID12_NPS_GROUP""}","{""ImportId"":""QID12""}","{""ImportId"":""QID56_NPS_GROUP""}","{""ImportId"":""QID56""}","{""ImportId"":""QID57_NPS_GROUP""}","{""ImportId"":""QID57""}","{""ImportId"":""QID58_NPS_GROUP""}","{""ImportId"":""QID58""}","{""ImportId"":""QID59_NPS_GROUP""}","{""ImportId"":""QID59""}","{""ImportId"":""QID60_NPS_GROUP""}","{""ImportId"":""QID60""}","{""ImportId"":""QID61_NPS_GROUP""}","{""ImportId"":""QID61""}","{""ImportId"":""QID40_TEXT""}"
2022-09-04 13:06:59,2022-09-04 13:07:45,Survey Preview,,100,45,True,2022-09-04 13:07:46,R_2V7xja7SwgYzwKc,,,,,35.1872,-111.6596,preview,EN,Agree,,,2,0,,,Promoter,9,,Passive,7,,Passive,7,,Passive,7,Detractor,0,,,,,,,,,,,,,No
2022-09-28 14:47:53,2022-09-28 14:51:03,IP Address,134.114.101.52,100,189,True,2022-09-28 14:51:04,R_BQBWgHy4isY2XAJ,,,,,35.1872,-111.6596,anonymous,EN,Agree,Yes,hk486@nau.edu,4,2-3,0,,Detractor,6,Inheritance,Passive,7,JDK,Passive,8,Yes,Detractor,3,Detractor,3,Detractor,3,Detractor,4,Detractor,0,Detractor,0,Detractor,5,Detractor,4,
2022-09-28 14:49:38,2022-09-28 14:53:45,IP Address,47.215.149.139,100,247,True,2022-09-28 14:53:45,R_08s3lqFFhcMU4ZH,,,,,35.1872,-111.6596,anonymous,EN,Agree,Yes,sb3292@nau.edu,9,8-10,0,,Passive,7,Inheritance,Detractor,6,JDK,Detractor,6,Yes,Passive,7,Passive,7,Passive,7,Detractor,5,Detractor,5,Detractor,5,Detractor,6,Detractor,6,No
2022-09-28 14:50:20,2022-09-28 14:54:07,IP Address,134.114.101.51,100,227,True,2022-09-28 14:54:08,R_1pGP6bTZQHiXq0B,,,,,35.1872,-111.6596,anonymous,EN,Agree,Yes,Ap3535@nau.edu,3,2-3,0,,Passive,8,Inheritance,Passive,7,JDK,Promoter,9,Yes,Promoter,9,Promoter,9,Detractor,0,Promoter,9,Passive,8,Detractor,0,Passive,8,Passive,7,"My Name is Ajay Shyam Pasam a Software Engineer with two plus years of industry experience in the Computer Science industry. I'm presently enrolled at Northern Arizona University in Flagstaff for a master's program in computer science. "
2022-09-28 14:47:35,2022-09-28 14:55:59,IP Address,24.156.101.230,100,504,True,2022-09-28 14:55:59,R_1jTf2HFGFmesDsW,,,,,35.1872,-111.6596,anonymous,EN,Agree,Yes,md2533@nau.edu,5,0,,,Promoter,9,Inheritance,Promoter,9,JDK,Promoter,9,Yes,Passive,8,Passive,8,Promoter,9,Passive,8,Passive,8,Passive,8,Promoter,9,Passive,8,
2022-09-28 14:54:49,2022-09-28 14:56:47,IP Address,47.215.133.160,100,118,True,2022-09-28 14:56:47,R_2XhBsww44vPoB7M,,,,,35.1872,-111.6596,anonymous,EN,Agree,Yes,nk545@nau.edu,2,2-3,0,,Detractor,6,Inheritance,Passive,7,JDK,Passive,7,Yes,Passive,7,Passive,7,Passive,8,Passive,8,Promoter,9,Passive,7,Passive,7,Passive,8,"Looking forward to meeting you "
2022-09-28 14:53:25,2022-09-28 14:56:52,IP Address,47.215.182.142,100,207,True,2022-09-28 14:56:53,R_3UiTrTeWl1sb041,,,,,35.2303,-111.5791,anonymous,EN,Agree,Yes,gummadisk99@gmail.com,1,1,0,,Detractor,1,Inheritance,Detractor,0,JDK,Detractor,0,No,Detractor,1,Detractor,1,Detractor,1,Detractor,1,Detractor,1,Detractor,1,Detractor,1,Detractor,1,
2022-09-28 14:56:48,2022-09-28 15:07:56,IP Address,134.114.16.213,100,667,True,2022-09-28 15:07:57,R_32IRtTmM3Rafby3,,,,,35.1872,-111.6596,anonymous,EN,Agree,Yes,ma3932@nau.edu,5,1,0,,Promoter,9,Inheritance,Promoter,9,JDK,Promoter,10,Yes,Passive,8,Passive,8,Detractor,6,Passive,8,Passive,8,Passive,7,Promoter,9,Detractor,6,I have 4.5+ years as a full-stack developer and right now I am working on a open source library called GraphHopper.
2022-09-28 15:08:15,2022-09-28 15:11:46,IP Address,134.114.101.52,100,211,True,2022-09-28 15:11:46,R_1Iu8oXy9IORZyry,,,,,35.1872,-111.6596,anonymous,EN,Agree,Yes,fz62@nau.edu,3,0,,,Passive,7,Inheritance,Detractor,5,JDK,Detractor,5,Yes,Passive,7,Detractor,5,Detractor,0,Detractor,3,Passive,7,Detractor,5,Detractor,3,Detractor,3,I have the most experience in C++ if that is of any help
2022-09-28 15:51:48,2022-09-28 15:53:47,IP Address,134.114.16.213,100,118,True,2022-09-28 15:53:47,R_1rcb1Bdd6XaKrka,,,,,35.1872,-111.6596,anonymous,EN,Agree,Yes,amanoj1396@gmail.com,4,1,0,,Promoter,10,Inheritance,Promoter,10,JDK,Promoter,10,Yes,Promoter,10,Promoter,10,Promoter,9,Promoter,9,Promoter,9,Promoter,9,Promoter,9,Promoter,9,
