StartDate,EndDate,Status,IPAddress,Progress,Duration (in seconds),Finished,RecordedDate,ResponseId,RecipientLastName,RecipientFirstName,RecipientEmail,ExternalReference,LocationLatitude,LocationLongitude,DistributionChannel,UserLanguage,Q18,Q45,Q48,Q52,Q50,Q57,Q56,Q7,Q12_1,Q12_2,Q12_3,Q12_4,Q12_5,Q8,Q46,Q59,Q51,Q60,Q61,Q20,Q1,Q2,Q3,Q4,Q5,Q19,Q22,Q58,Q23,Q10,Q11,Q11_4_TEXT,Q12,Q12_4_TEXT,Q13,Q14,Q15
Start Date,End Date,Response Type,IP Address,Progress,Duration (in seconds),Finished,Recorded Date,Response ID,Recipient Last Name,Recipient First Name,Recipient Email,External Data Reference,Location Latitude,Location Longitude,Distribution Channel,User Language,Please enter your email:,"Which issue did you select? Please copy and paste the full name of the issue. If you change your issue, let the researchers know about that and append the answer with the new issue data.","Why did you choose your issue? If you change your issue, let the researchers know about that and append the answer with the new issue data.","Are you confident that you have the required skills/experience to solve your selected issue? If you change your issue, let the researchers know about that and you may change your answer if you want to.","Please explain your confidence rating. If you change your issue, let the researchers know about that and append the answer with the new issue data.",Which of the following skills do you think you need to solve this issue?,Which label(s) helped you select your issue? Only select labels that were present on your issue.,What is the problem/feature requested reported in this issue?,Where is the code that needs to be changed? - What folder(s) contains the code that needs to be changed?,Where is the code that needs to be changed? - What file(s) contains the code that needs to be changed?,Where is the code that needs to be changed? - What class(es) contains the code that needs to be changed?,Where is the code that needs to be changed? - What method(s) contains the code that needs to be changed?,Where is the code that needs to be changed? - What line(s) needs to be changed?,Explain a possible solution for this issue. (Do not write your code here),Why did you chose that issue?,Did you change the issue you chose for a contribution?,Why did you change the chosen issue?,What information leads you to select an issue and after change it?,"You checked the ""None of the above"" in the previous question, please explain.",Which of the following skills did you need to solve this issue?,"Based on your experience in this experiment, how easy or difficult was it to solve the issue?",Please explain your difficulty rating for the issue in the previous question.,Were you able to accomplish your goal?,For what reason did you answer yes/no/not sure in the previous question?,How could we make it easier to solve your chosen issue?,Which label(s) helped you select your issue? Only select labels that were present on your issue.,Are you confident that you had the required skills/experience to solve the issue?,"After you change your issue, your confidence that you have the required skills/experience to solve your selected issue",Please put any additional feedback here.,What is your highest complete education level (or equivalent)?,What is your current main occupation? - Selected Choice,What is your current main occupation? - Other - Text,My gender identity is: - Selected Choice,My gender identity is: - Prefer to self describe - Text,List of Countries,List of Countries,What is your age?
"{""ImportId"":""startDate"",""timeZone"":""America/Denver""}","{""ImportId"":""endDate"",""timeZone"":""America/Denver""}","{""ImportId"":""status""}","{""ImportId"":""ipAddress""}","{""ImportId"":""progress""}","{""ImportId"":""duration""}","{""ImportId"":""finished""}","{""ImportId"":""recordedDate"",""timeZone"":""America/Denver""}","{""ImportId"":""_recordId""}","{""ImportId"":""recipientLastName""}","{""ImportId"":""recipientFirstName""}","{""ImportId"":""recipientEmail""}","{""ImportId"":""externalDataReference""}","{""ImportId"":""locationLatitude""}","{""ImportId"":""locationLongitude""}","{""ImportId"":""distributionChannel""}","{""ImportId"":""userLanguage""}","{""ImportId"":""QID63_TEXT""}","{""ImportId"":""QID90_TEXT""}","{""ImportId"":""QID93_TEXT""}","{""ImportId"":""QID97""}","{""ImportId"":""QID95_TEXT""}","{""ImportId"":""QID102""}","{""ImportId"":""QID101""}","{""ImportId"":""QID52_TEXT""}","{""ImportId"":""QID57_1""}","{""ImportId"":""QID57_2""}","{""ImportId"":""QID57_3""}","{""ImportId"":""QID57_4""}","{""ImportId"":""QID57_5""}","{""ImportId"":""QID53_TEXT""}","{""ImportId"":""QID91_TEXT""}","{""ImportId"":""QID104""}","{""ImportId"":""QID96_TEXT""}","{""ImportId"":""QID105""}","{""ImportId"":""QID106_TEXT""}","{""ImportId"":""QID65""}","{""ImportId"":""QID1""}","{""ImportId"":""QID2_TEXT""}","{""ImportId"":""QID3""}","{""ImportId"":""QID4_TEXT""}","{""ImportId"":""QID5_TEXT""}","{""ImportId"":""QID64""}","{""ImportId"":""QID67""}","{""ImportId"":""QID103""}","{""ImportId"":""QID68_TEXT""}","{""ImportId"":""QID82""}","{""ImportId"":""QID83""}","{""ImportId"":""QID83_4_TEXT""}","{""ImportId"":""QID84""}","{""ImportId"":""QID84_4_TEXT""}","{""ImportId"":""QID85""}","{""ImportId"":""QID86""}","{""ImportId"":""QID87""}"
2022-09-30 17:35:31,2022-09-30 17:35:38,Survey Preview,,100,7,True,2022-09-30 17:35:39,R_21AhUDz46ZDZeZQ,,,,,35.1872,-111.6596,preview,EN,,,,,,,,,,,,,,,,,,,,,,,,,,,,,,,,,,,,,
2022-09-30 17:35:43,2022-09-30 17:36:18,Survey Preview,,100,35,True,2022-09-30 17:36:19,R_3nf1u8V3O9aRoja,,,,,35.1872,-111.6596,preview,EN,,,,,,,,,,,,,,,,,,,,,Extremely difficult,,No,,,,,,,,,,,,,,
2022-10-01 20:58:48,2022-10-01 20:59:17,IP Address,24.121.199.58,9,28,False,2022-10-01 21:00:37,R_12f48MGYimzv1Jr,,,,,,,anonymous,EN,,,,,,,,,,,,,,,,,,,,,,,,,,,,,,,,,,,,,
2022-10-01 20:55:20,2022-10-01 20:55:32,IP Address,47.215.141.56,9,12,False,2022-10-01 21:00:39,R_2fs9B8q0uJJNhH6,,,,,,,anonymous,EN,,,,,,,,,,,,,,,,,,,,,,,,,,,,,,,,,,,,,
2022-10-01 20:55:22,2022-10-01 20:55:55,IP Address,134.114.223.254,9,32,False,2022-10-01 21:00:40,R_3k57t6usInCvpFj,,,,,,,anonymous,EN,,,,,,,,,,,,,,,,,,,,,,,,,,,,,,,,,,,,,
2022-10-01 20:56:42,2022-10-01 20:57:32,IP Address,172.58.19.96,9,50,False,2022-10-01 21:00:40,R_3MbcPT2J4OGjQQA,,,,,,,anonymous,EN,,,,,,,,,,,,,,,,,,,,,,,,,,,,,,,,,,,,,
2022-10-01 21:00:01,2022-10-01 21:06:10,IP Address,8.48.3.2,100,369,True,2022-10-01 21:06:10,R_1rku5p2nU5v1yAU,,,,,35.1872,-111.6596,anonymous,EN,,,,,,,,Face recognition has successfully work when wore mask,,,,,,The issue can be solved by recognizing the features of the eye,,,,,,,Extremely difficult,,No,,,,,,,,,,,,,,
2022-10-06 15:01:10,2022-10-06 16:22:46,IP Address,134.114.101.49,100,4896,True,2022-10-06 16:22:47,R_2Vjy0uinQde0zjf,,,,,35.1872,-111.6596,anonymous,EN,ids37@nau.edu,,,,,,,Throttle autosave actions #5679,the logic/autosaveandbackup/,AutosaveManager,AutosaveManager.java,AutosaveManager,line 43,I would include a bigger delay before the writing operations is performed,,,,,,"User Interface (UI),Logging",Somewhat difficult,"The issue dont give enough information to solve the problem, and for me that never used the project before it was hard to figure it out whats the correct file to change",Yes,"because I did what was requested in the issue problem, I tried to follow the guidelines provided in the issue as a possible solution",the issue should have more descriptions about the problem and identify which file the problem happened,"API: User Interface,good first issue",Average,,,,,,,,,,
2022-10-07 18:06:35,2022-10-07 19:18:57,IP Address,134.114.101.50,100,4341,True,2022-10-07 19:18:57,R_2PqgocqXvsY4NkX,,,,,35.1872,-111.6596,anonymous,EN,jmp458@nau.edu,,,,,,,Different font weights changing entry type,"gui/entryeditor, gui/menu","EntryEditorChange.css, EntryTypeMenu.java",ChangeEntryTypeMenu,createSubMenu,"'-1, I don't know",N/A,,,,,,User Interface (UI),Somewhat difficult,"Without knowing the code base, it was difficult to follow where various UI settings were implemented and changed. I felt like I had ideas about where to look but needed much more time to gain a more full picture about how the program worked.",No,I didn't fix the bug.,This tool fulfilled it's purpose very well. The largest hurdle to solving the problem for me was trying to decipher how the code base managed the settings that the issue concerned. The tool this research is measuring could not help with that.,"API: User Interface,type: bug",Average,,,High school,Student - Undergraduate,,Non-binary,,United States of America,United States of America,25 to 34
2022-10-06 14:23:53,2022-10-07 10:59:43,IP Address,47.212.193.65,7,74150,False,2022-10-14 10:59:45,R_vNddj7ktyaXcjO9,,,,,,,anonymous,EN,jrv233@nau.edu,,,,,,,,,,,,,,,,,,,,,,,,,,,,,,,,,,,,
2022-10-14 11:13:15,2022-10-14 12:17:17,IP Address,76.174.176.43,100,3841,True,2022-10-14 12:17:17,R_3qDz5dSBkoy0g39,,,,,33.9705,-118.4308,anonymous,EN,felipefelixsantos@gmail.com,https://nau.co1.qualtrics.com/jfe/form/SV_40nfTEhOfQgg2Lc,,,,,,"Opening a entry without a DOI causes an error due to some decrepate API
Parameter query.title has been deprecated""",java/org/jabref/logic/importer/fetcher/,java/org/jabref/logic/importer/fetcher/CrossRef.java,java/org/jabref/logic/importer/fetcher/CrossRef.java,getURLForEntry,"entry.getLatexFreeField(StandardField.TITLE).ifPresent(title -> uriBuilder.addParameter(""query.title"", title));",Change query.title to query.bibliographic to conform to the new api requirements,"Because of the ""good first issue label""",,,,,,Extremely easy,If the solution was correct it was a very small change,Not sure,I was not able to test if my change solved the issue,Pictures of how to reproduce could be good for someone that does not know the application,good first issue,Confident,,1 - Not being able to use shortcuts due to the environment being in an mac + remote use was very difficult to get things done 2 - not being accostumed to the chosen ide also did not contribute,Undergraduate degree,Professional Developer,,Man,,Brazil,Portugal,25 to 34
2022-10-18 15:56:32,2022-10-18 17:11:12,IP Address,134.114.101.51,100,4479,True,2022-10-18 17:11:12,R_31SLYqNzUZ8b41j,,,,,35.1872,-111.6596,anonymous,EN,gk325@nau.edu,General fields layout: url and doi missing #4612,,,,,,Default layout does not contain the fields url;doi;arxiv; and so on.,src/main/java/org/jabref/gui/preferences/preview,src/main/java/org/jabref/gui/preferences/preview/PreviewTab.java,NA,NA,NA,"The default layout for JabRef does not contain fields like DOI, URL and ARVIX. These properties need to be set as Standard Fields and be presented in the defaultLayout of the program.",I just thought it would be something related to UI and I could easily add those fields to the Default Layout by just adding those keywords in the list.,,,,,,Somewhat difficult,"If I knew how the flow of the program works. I could have done it. Maybe I needed to put some debug points and then approach this problem. If given another chance, I would like to try it again.",No,I could not add the fields in the default layout.,"You could give me a high-level idea of what class is implementing what logic. ",search,Average,,had fun. Thank you.,Master's degree,Student - Graduate,,Man,,India,United States of America,25 to 34
2022-10-18 17:12:48,2022-10-18 18:11:20,IP Address,134.114.101.51,100,3511,True,2022-10-18 18:11:20,R_3dRL71BWQjWRGrY,,,,,35.1872,-111.6596,anonymous,EN,sb3292@nau.edu,Latex citations search - Missing citations #5194,,,,,,The Latex citations search feature with the text and found that some citations were not parsed.,java/org/jabref/model/texparser,LatexParserResult.java,LatexParserResult,public Collection<Citation> getCitationsByKey(BibEntry entry),return entry.getCitationKey().map(this::getCitationsByKey).orElse(Collections.emptyList());,"The issue that I can notice of here is that, the citations are stored in a Multimap, and the citations are called upon by a key which is of string data type. I feel that if the citations are mapped with the key with the help of dictionaries, then the issue wouldn't be raised as the citations would be stored as a key-value pair such as a HashMultiMap. In such a case there will be no mix up of the key corresponding to a certain citation. ",I found that it was one of the concerns that I would be able to find the bug.,,,,,"Testing,Google Common,Input and Output",Somewhat difficult,"Since the code here used to build is a high-level one, it took me quite a bit of time to get familiar with to find the issue.",Not sure,"The output runs fine, so not sure if it fixed the issue entirely.",If the comments for the function and variables are given in depth.,"API: Google Common,API: Logging,type: bug,external files",Average,,I had a lot of fun trying to debug the code.,Master's degree,Student - Graduate,,Woman,,India,United States of America,24 or less
2022-10-12 00:46:12,2022-10-12 00:46:19,IP Address,134.114.223.240,7,6,False,2022-10-19 00:46:21,R_1Nrhr15TzoAfy8i,,,,,,,anonymous,EN,shubhangi.tandon3@gmail.com,,,,,,,,,,,,,,,,,,,,,,,,,,,,,,,,,,,,
2022-10-20 13:19:04,2022-10-20 15:23:52,IP Address,134.114.101.50,100,7488,True,2022-10-20 15:23:53,R_2ZQhv37EAvccQJa,,,,,35.1872,-111.6596,anonymous,EN,gummadisk99@gmail.com,general fields layout: url and doi missing,url should be visible to the end users and should fix that bug,"Not confident (can manage, but difficult)",2,"User Interface (UI),Testing","preferences,entry editor,type: bug","In any application layout, URL should be visible to the end users in order to sharing etc.",org/jabref/gui/theme,"
org/jabref/gui/theme/StyleSheetDataUrl.java",StyleSheetData,reload,"StyleSheetFile.getDataUrl(url).ifPresentOrElse(createdUrl -> dataUrl = createdUrl, () -> dataUrl = EMPTY_WEBENGINE_CSS)",should change it from empty webengine,"AS I SAID EARLIER, URL SHOULD BE VISIBLE TO THE END USERS IN ORDER TO SHARING. So, should change it in the layout",No,,,,"User Interface (UI),Testing",Somewhat difficult,"as I have only a little bit of knowledge on java programming language, It felt difficult to me to find the code related ot that issue",No,i need more coding skills,maybe nothing because fault was on my side.,"API: User Interface,preferences,type: bug","Not confident (can manage, but difficult)",,,Undergraduate degree,Student - Graduate,,Man,,India,United States of America,24 or less
2022-10-20 16:12:44,2022-10-20 17:04:45,IP Address,134.114.101.50,100,3120,True,2022-10-20 17:04:45,R_3oLwQInqRH3U7YX,,,,,35.1872,-111.6596,anonymous,EN,hk486@nau.edu," Entry preview lose formating if search field is used #5069 ",This issue looked the easy to contribute.,"Not confident (can manage, but difficult)",I am not sure if I can change the issue. But I can know there is a problem.,"User Interface (UI),Testing,Network Development,Input and Output",API: User Interface,"When the user tries to use the search field, the entry preview loses the formating.",org/jabref/model/texparser,org/jabref/model/texparser/LatexBibEntriesResolverResult.java,LatexBibEntriesResolverResult,toString(),52,"I think after using the search field, it affects the newEntries so the formatting is not working. So we should be correct the toString() method.",That issue looked the most easy issue.,No,,,,"User Interface (UI),Testing,Input and Output",Neither easy nor difficult,"Firstly, I thought I should correct the issue perfectly, but it was fine to just assume which part is the problem. ",No,I could assume which is problem but could not find how to exactly implement it.,Show some example for the issues.,"API: User Interface,entry editor,type: bug","Not confident (can manage, but difficult)",,,High school,Student - Undergraduate,,Man,,South Korea,United States of America,24 or less
